id 	firstName	lastName	age	gender
1	Siva	Polamarasetti	30	male
2	Siva	Polamarasetti	21	male
3	Siva	Polamarasetti	45	male
4	Siva	Polamarasetti	30	female
5	Siva	Polamarasetti	60	male
6	Siva	Polamarasetti	88	male
7	Siva	Polamarasetti	30	male
8	Siva	Polamarasetti	99	male
9	Siva	Polamarasetti	30	male
10	Siva	Polamarasetti	55	male
11	Siva	Polamarasetti	30	male
12	Siva	Polamarasetti	30	male
13	Siva	Polamarasetti	30	male
14	Siva	Polamarasetti	30	male
15	Siva	Polamarasetti	30	male
16	Siva	Polamarasetti	30	male
17	Siva	Polamarasetti	30	male
18	Siva	Polamarasetti	30	male
19	Siva	Polamarasetti	30	male
20	Siva	Polamarasetti	30	male
21	Siva	Polamarasetti	30	male
22	Siva	Polamarasetti	30	male
23	Siva	Polamarasetti	30	male
24	Siva	Polamarasetti	30	male
25	Siva	Polamarasetti	30	male
26	Siva	Polamarasetti	30	male
27	Siva	Polamarasetti	30	male
28	Siva	Polamarasetti	30	male
29	Siva	Polamarasetti	30	male
30	Siva	Polamarasetti	30	male
31	Siva	Polamarasetti	30	male
32	Siva	Polamarasetti	30	female
33	Siva	Polamarasetti	30	male
34	Siva	Polamarasetti	30	male
35	Siva	Polamarasetti	30	male
36	Siva	Polamarasetti	30	male
37	Siva	Polamarasetti	30	male
38	Siva	Polamarasetti	30	male
39	Siva	Polamarasetti	30	male
40	Siva	Polamarasetti	30	male
41	Siva	Polamarasetti	30	male
42	Siva	Polamarasetti	30	male
43	Siva	Polamarasetti	30	male
44	Siva	Polamarasetti	30	male
45	Siva	Polamarasetti	30	male
46	Siva	Polamarasetti	30	male
47	Siva	Polamarasetti	30	male
48	Siva	Polamarasetti	30	male
49	Siva	Polamarasetti	30	male
50	Siva	Polamarasetti	30	male
51	Siva	Polamarasetti	30	male
52	Siva	Polamarasetti	30	male
53	Siva	Polamarasetti	30	male
54	Siva	Polamarasetti	30	male
55	Siva	Polamarasetti	30	male
56	Siva	Polamarasetti	30	male
57	Siva	Polamarasetti	30	male
58	Siva	Polamarasetti	30	male
59	Siva	Polamarasetti	30	male
60	Siva	Polamarasetti	30	male
61	Siva	Polamarasetti	30	male
62	Siva	Polamarasetti	30	male
63	Siva	Polamarasetti	30	male
64	Siva	Polamarasetti	30	male
65	Siva	Polamarasetti	30	male
66	Siva	Polamarasetti	30	male
67	Siva	Polamarasetti	30	male
68	Siva	Polamarasetti	30	male
69	Siva	Polamarasetti	30	male
70	Siva	Polamarasetti	30	male
71	Siva	Polamarasetti	30	male
72	Siva	Polamarasetti	30	male
73	Siva	Polamarasetti	30	male
74	Siva	Polamarasetti	30	male
75	Siva	Polamarasetti	30	male
76	Siva	Polamarasetti	30	male
77	Siva	Polamarasetti	30	male
78	Siva	Polamarasetti	30	male
79	Siva	Polamarasetti	30	male
80	Siva	Polamarasetti	30	male
81	Siva	Polamarasetti	30	male
82	Siva	Polamarasetti	30	male
83	Siva	Polamarasetti	30	male
84	Siva	Polamarasetti	30	male
85	Siva	Polamarasetti	30	female
86	Siva	Polamarasetti	30	male
87	Siva	Polamarasetti	30	male
88	Siva	Polamarasetti	30	male
89	Siva	Polamarasetti	30	male
90	Siva	Polamarasetti	30	female
91	Siva	Polamarasetti	30	male
92	Siva	Polamarasetti	30	male
93	Siva	Polamarasetti	30	male
94	Siva	Polamarasetti	30	male
95	Siva	Polamarasetti	23	female
96	Siva	Polamarasetti	30	male
97	Siva	Polamarasetti	30	male
98	Siva	Polamarasetti	12	male
99	Siva	Polamarasetti	30	female
100	Siva	Polamarasetti	30	male
